{
    "children": [
        {
            "name": "validationScenario",
            "type": "dir",
            "dir": "validationScenario",
            "id": 2,
            "chrome58linux": 0
        }
    ],
    "scenarios": [
        {
            "path": "validationScenario"
        }
    ],
    "browsers": [
        {
            "id": "chrome58linux",
            "canonicalName": "chrome",
            "version": 58,
            "canonicalPlatform": "linux",
            "displayName": "Chrome",
            "displayPlatform": "LINUX"
        }
    ],
    "chrome58linux": 0,
    "maxId": 6
}